"BROKEN","EPIC","FAILED","FEATURE","PASSED","SKIPPED","STORY","UNKNOWN"
"0","Тестирование страницы 'Войти'","0","","12","0","","0"
"4","Тестирование страницы 'Регистрация'","1","","13","3","","0"
"1","Тестирование страницы лендинга","0","","3","0","","0"
"1","Тестирование страницы 'Рабочие пространства'","0","","12","0","","0"
"0","Тестирование Доступности приложения","0","","3","0","","0"
"0","Тестирование Хедера","0","","27","0","","0"
"1","Тестирование Футера","0","","51","0","","0"
"0","Тестирование API","0","","32","0","","0"
"0","Тестирование страницы 'Восстановление пароля'","0","","8","0","","0"
